FILE,DATA\2016\01\Logger_sn_1724-50_data_20160129_161458.csv
VERSION,4.0
LOGGER TYPE,AQUAlogger 530WTD 60bar max600m
LOGGER,1724-50,1724-50_Dyrsten  
REGIME TITLE, Mode, Interval, Samples Per Burst, Sample Rate, Samples Per Average
REGIME, Continous Mode,90 seconds,1, 0.011111, 1, 
Depth Trigger
 - Start log session : Enable
 - Start at a depth : 2.99 m - 26545 raw
 - Stop log session : Enable
 - Stop at a depth : 1.00 m - 26448 raw
 - Stop event : Stop Session
 - Wireless activation : Enable once stopped
[LOGGER CHANNEL 0],Ext temperature
COEFFS, 79.952682, -0.0035934004, 7.1837228e-08, -8.7835918e-13, 3.0475282e-18
AVERAGED, No
GAIN MODE, n/a
[LOGGER CHANNEL 1],Battery voltage
COEFFS, 0, 7.6295401e-05, 0, 0, 0
AVERAGED, No
GAIN MODE, n/a
[LOGGER CHANNEL 2],Pressure       
COEFFS, -52.943447, 0.002037012, 2.5932195e-10, 0, 0
AVERAGED, No
GAIN MODE, n/a
[LOGGER CHANNEL 4],Depth          
COEFFS, 51.507366, 1.01325, 1, 0, 0
AVERAGED, No
GAIN MODE, n/a
START TIME, 1/12/2016 10:16:46 AM
STOP TIME, 1/29/2016 4:15:19 PM
HEADING, Timecode,Ext temperature,,Battery voltage,,Pressure       ,,Depth          ,,
UNITS, [MM/dd/yyyy HH:mm:ss] UTC-5,Raw, °C     ,Raw, V      ,Raw, bar    ,Raw, m      ,
BURSTSTART,1/25/2016 2:40:46 PM,35396,8.595143,47356,3.613045,26958,2.158781,0,12.929456,
DATA,1/25/2016 2:42:16 PM,35407,8.581187,47360,3.613350,27796,3.877696,0,30.995924,
DATA,1/25/2016 2:43:46 PM,35390,8.602756,47362,3.613503,27472,3.213060,0,24.018764,
DATA,1/25/2016 2:45:16 PM,35378,8.617981,47368,3.613961,27294,2.847944,0,20.182936,
DATA,1/25/2016 2:46:46 PM,35372,8.625594,47364,3.613655,27458,3.184343,0,23.717162,
DATA,1/25/2016 2:48:16 PM,35377,8.619250,47376,3.614571,27837,3.961805,0,31.878559,
DATA,1/25/2016 2:49:46 PM,35375,8.621787,47376,3.614571,28099,4.499302,0,37.517915,
DATA,1/25/2016 2:51:16 PM,35363,8.637013,47384,3.615181,27843,3.974113,0,32.007721,
DATA,1/25/2016 2:52:46 PM,35357,8.644626,47380,3.614876,27752,3.787433,0,30.048652,
DATA,1/25/2016 2:54:16 PM,35353,8.649702,47388,3.615486,27566,3.405881,0,26.043500,
DATA,1/25/2016 2:55:46 PM,35347,8.657315,47386,3.615334,27313,2.886916,0,20.592518,
DATA,1/25/2016 2:57:16 PM,35345,8.659853,47388,3.615486,27530,3.332034,0,25.268129,
DATA,1/25/2016 2:58:46 PM,35339,8.667466,47392,3.615792,27207,2.669494,0,18.306919,
DATA,1/25/2016 3:00:16 PM,35327,8.682693,47388,3.615486,26879,1.996754,0,11.218799,
DATA,1/25/2016 3:01:46 PM,35248,8.782950,47396,3.616097,26512,1.244089,0,3.117908,
BURSTSTART,1/28/2016 10:15:16 AM,36292,7.459222,47388,3.615486,26621,1.467625,0,5.583364,
DATA,1/28/2016 10:16:46 AM,36310,7.436414,47392,3.615792,27772,3.828462,0,30.479238,
DATA,1/28/2016 10:18:16 AM,36314,7.431345,47392,3.615792,27553,3.379214,0,25.763513,
DATA,1/28/2016 10:19:46 AM,36287,7.465558,47394,3.615944,27489,3.247932,0,24.384979,
DATA,1/28/2016 10:21:16 AM,36256,7.504840,47392,3.615792,27533,3.338188,0,25.332746,
DATA,1/28/2016 10:22:46 AM,36224,7.545391,47392,3.615792,27600,3.475626,0,26.775734,
DATA,1/28/2016 10:24:16 AM,36195,7.582140,47392,3.615792,27771,3.826410,0,30.457709,
DATA,1/28/2016 10:25:46 AM,36182,7.598614,47396,3.616097,27898,4.086944,0,33.191667,
DATA,1/28/2016 10:27:16 AM,36165,7.620157,47396,3.616097,27675,3.629477,0,28.390773,
DATA,1/28/2016 10:28:46 AM,36146,7.644235,47392,3.615792,27732,3.746405,0,29.618054,
DATA,1/28/2016 10:30:16 AM,36125,7.670848,47394,3.615944,27689,3.658196,0,28.692221,
DATA,1/28/2016 10:31:46 AM,36116,7.682254,47396,3.616097,27605,3.485882,0,26.883411,
DATA,1/28/2016 10:33:16 AM,36118,7.679719,47396,3.616097,27535,3.342291,0,25.375824,
DATA,1/28/2016 10:34:46 AM,36112,7.687323,47396,3.616097,27522,3.315624,0,25.095815,
DATA,1/28/2016 10:36:16 AM,36111,7.688590,47392,3.615792,27395,3.055115,0,22.359775,
DATA,1/28/2016 10:37:46 AM,36101,7.701263,47400,3.616402,27296,2.852046,0,20.226051,
DATA,1/28/2016 10:39:16 AM,36099,7.703798,47396,3.616097,27562,3.397676,0,25.957351,
DATA,1/28/2016 10:40:46 AM,36095,7.708867,47398,3.616249,27641,3.559731,0,27.658651,
DATA,1/28/2016 10:42:16 AM,36094,7.710134,47398,3.616249,27593,3.461266,0,26.624985,
DATA,1/28/2016 10:43:46 AM,36088,7.717738,47400,3.616402,27550,3.373060,0,25.698900,
DATA,1/28/2016 10:45:16 AM,36084,7.722808,47404,3.616707,27538,3.348444,0,25.440440,
DATA,1/28/2016 10:46:46 AM,36078,7.730412,47400,3.616402,27575,3.424343,0,26.237333,
DATA,1/28/2016 10:48:16 AM,36078,7.730412,47400,3.616402,27675,3.629477,0,28.390773,
DATA,1/28/2016 10:49:46 AM,36068,7.743085,47400,3.616402,27603,3.481780,0,26.840341,
DATA,1/28/2016 10:51:16 AM,36069,7.741818,47400,3.616402,27578,3.430497,0,26.301942,
DATA,1/28/2016 10:52:46 AM,36063,7.749422,47400,3.616402,27752,3.787433,0,30.048652,
DATA,1/28/2016 10:54:16 AM,36043,7.774769,47400,3.616402,27675,3.629477,0,28.390773,
DATA,1/28/2016 10:55:46 AM,36024,7.798850,47400,3.616402,27602,3.479728,0,26.818805,
DATA,1/28/2016 10:57:16 AM,36026,7.796315,47402,3.616555,27509,3.288957,0,24.815796,
DATA,1/28/2016 10:58:46 AM,36014,7.811524,47404,3.616707,27363,2.989476,0,21.670188,
DATA,1/28/2016 11:00:16 AM,36002,7.826733,47404,3.616707,27320,2.901275,0,20.743406,
DATA,1/28/2016 11:01:46 AM,35992,7.839408,47408,3.617012,27269,2.796665,0,19.643950,
DATA,1/28/2016 11:03:16 AM,35988,7.844477,47404,3.616707,27279,2.817177,0,19.859553,
DATA,1/28/2016 11:04:46 AM,35984,7.849547,47404,3.616707,27304,2.868456,0,20.398510,
DATA,1/28/2016 11:06:16 AM,35975,7.860954,47404,3.616707,27380,3.024346,0,22.036542,
DATA,1/28/2016 11:07:46 AM,35976,7.859687,47404,3.616707,27599,3.473574,0,26.754199,
DATA,1/28/2016 11:09:16 AM,35969,7.868559,47408,3.617012,27494,3.258188,0,24.492686,
DATA,1/28/2016 11:10:46 AM,35935,7.911655,47408,3.617012,27803,3.892056,0,31.146621,
DATA,1/28/2016 11:12:16 AM,35921,7.929400,47409,3.617089,27891,4.072584,0,33.040987,
DATA,1/28/2016 11:13:46 AM,35890,7.968695,47404,3.616707,28048,4.394672,0,36.420279,
DATA,1/28/2016 11:15:16 AM,35877,7.985174,47410,3.617165,28087,4.474683,0,37.259651,
DATA,1/28/2016 11:16:46 AM,35892,7.966160,47408,3.617012,27998,4.292095,0,35.344122,
DATA,1/28/2016 11:18:16 AM,35888,7.971230,47408,3.617012,27948,4.189519,0,34.267920,
DATA,1/28/2016 11:19:46 AM,35880,7.981371,47404,3.616707,27982,4.259270,0,34.999743,
DATA,1/28/2016 11:21:16 AM,35888,7.971230,47408,3.617012,27940,4.173107,0,34.095723,
DATA,1/28/2016 11:22:46 AM,35884,7.976301,47408,3.617012,27803,3.892056,0,31.146621,
DATA,1/28/2016 11:24:16 AM,35958,7.882502,47408,3.617012,27676,3.631528,0,28.412305,
DATA,1/28/2016 11:25:46 AM,35966,7.872362,47408,3.617012,27591,3.457164,0,26.581913,
DATA,1/28/2016 11:27:16 AM,35952,7.890107,47408,3.617012,27605,3.485882,0,26.883411,
DATA,1/28/2016 11:28:46 AM,35950,7.892642,47408,3.617012,27598,3.471523,0,26.732663,
DATA,1/28/2016 11:30:16 AM,35959,7.881234,47410,3.617165,27613,3.502293,0,27.055692,
DATA,1/28/2016 11:31:46 AM,35957,7.883769,47408,3.617012,27522,3.315624,0,25.095815,
DATA,1/28/2016 11:33:16 AM,35962,7.877432,47412,3.617318,27052,2.351577,0,14.961425,
DATA,1/28/2016 11:34:46 AM,35943,7.901514,47408,3.617012,26777,1.787560,0,9.003552,
DATA,1/28/2016 11:36:16 AM,36390,7.335043,47408,3.617012,26398,1.010306,0,-0.061203,
BURSTSTART,1/28/2016 11:46:46 AM,36007,7.820396,47416,3.617623,27430,3.126908,0,23.113915,
DATA,1/28/2016 11:48:16 AM,35977,7.858420,47428,3.618538,27843,3.974113,0,32.007721,
DATA,1/28/2016 11:49:46 AM,35999,7.830536,47436,3.619149,27701,3.682812,0,28.950600,
DATA,1/28/2016 11:51:16 AM,35995,7.835605,47440,3.619454,27588,3.451010,0,26.517305,
DATA,1/28/2016 11:52:46 AM,35984,7.849547,47448,3.620064,27809,3.904364,0,31.275789,
DATA,1/28/2016 11:54:16 AM,36004,7.824198,47458,3.620827,27656,3.590501,0,27.981652,
DATA,1/28/2016 11:55:46 AM,35968,7.869827,47466,3.621437,27736,3.754611,0,29.704174,
DATA,1/28/2016 11:57:16 AM,35976,7.859687,47472,3.621895,27833,3.953599,0,31.792450,
DATA,1/28/2016 11:58:46 AM,35956,7.885037,47476,3.622200,27745,3.773073,0,29.897944,
DATA,1/28/2016 12:00:16 PM,35968,7.869827,47480,3.622506,27750,3.783331,0,30.005593,
DATA,1/28/2016 12:01:46 PM,36005,7.822931,47488,3.623116,27685,3.649990,0,28.606094,
DATA,1/28/2016 12:03:16 PM,35997,7.833070,47489,3.623192,27688,3.656144,0,28.670689,
DATA,1/28/2016 12:04:46 PM,35984,7.849547,47494,3.623574,27655,3.588449,0,27.960119,
DATA,1/28/2016 12:06:16 PM,36013,7.812791,47492,3.623421,27650,3.578193,0,27.852453,
DATA,1/28/2016 12:07:46 PM,36004,7.824198,47496,3.623726,27637,3.551525,0,27.572516,
DATA,1/28/2016 12:09:16 PM,36016,7.808989,47500,3.624032,27604,3.483831,0,26.861876,
DATA,1/28/2016 12:10:46 PM,36015,7.810257,47505,3.624413,27566,3.405881,0,26.043500,
DATA,1/28/2016 12:12:16 PM,36009,7.817861,47504,3.624337,27527,3.325880,0,25.203512,
DATA,1/28/2016 12:13:46 PM,36004,7.824198,47508,3.624642,27550,3.373060,0,25.698900,
DATA,1/28/2016 12:15:16 PM,36012,7.814059,47508,3.624642,27601,3.477677,0,26.797270,
DATA,1/28/2016 12:16:46 PM,36002,7.826733,47512,3.624947,27629,3.535114,0,27.400244,
DATA,1/28/2016 12:18:16 PM,35993,7.838140,47505,3.624413,27513,3.297162,0,24.901957,
DATA,1/28/2016 12:19:46 PM,36011,7.815326,47512,3.624947,27497,3.264342,0,24.557309,
DATA,1/28/2016 12:21:16 PM,36019,7.805187,47516,3.625252,27481,3.231521,0,24.212645,
DATA,1/28/2016 12:22:46 PM,36027,7.795048,47516,3.625252,27542,3.356650,0,25.526594,
DATA,1/28/2016 12:24:16 PM,36033,7.787443,47520,3.625557,27603,3.481780,0,26.840341,
DATA,1/28/2016 12:25:46 PM,36032,7.788711,47516,3.625252,27839,3.965908,0,31.921613,
DATA,1/28/2016 12:27:16 PM,36032,7.788711,47522,3.625710,27816,3.918724,0,31.426483,
DATA,1/28/2016 12:28:46 PM,36033,7.787443,47520,3.625557,27799,3.883850,0,31.060509,
DATA,1/28/2016 12:30:16 PM,36032,7.788711,47520,3.625557,27756,3.795639,0,30.134770,
DATA,1/28/2016 12:31:46 PM,36035,7.784909,47522,3.625710,27783,3.851027,0,30.716054,
DATA,1/28/2016 12:33:16 PM,36037,7.782374,47520,3.625557,27853,3.994628,0,32.222990,
DATA,1/28/2016 12:34:46 PM,36034,7.786176,47520,3.625557,27879,4.047966,0,32.782676,
DATA,1/28/2016 12:36:16 PM,36035,7.784909,47520,3.625557,27916,4.123871,0,33.579124,
DATA,1/28/2016 12:37:46 PM,36034,7.786176,47526,3.626015,28110,4.521870,0,37.754655,
DATA,1/28/2016 12:39:16 PM,36034,7.786176,47526,3.626015,27919,4.130025,0,33.643700,
DATA,1/28/2016 12:40:46 PM,36031,7.789978,47521,3.625634,27642,3.561782,0,27.680185,
DATA,1/28/2016 12:42:16 PM,36019,7.805187,47522,3.625710,27600,3.475626,0,26.775734,
DATA,1/28/2016 12:43:46 PM,36022,7.801385,47524,3.625863,27501,3.272547,0,24.643472,
DATA,1/28/2016 12:45:16 PM,36010,7.816594,47521,3.625634,27440,3.147420,0,23.329367,
DATA,1/28/2016 12:46:46 PM,35992,7.839408,47522,3.625710,27618,3.512550,0,27.163366,
DATA,1/28/2016 12:48:16 PM,35991,7.840675,47528,3.626168,27576,3.426394,0,26.258869,
DATA,1/28/2016 12:49:46 PM,35975,7.860954,47524,3.625863,27762,3.807947,0,30.263946,
DATA,1/28/2016 12:51:16 PM,35962,7.877432,47520,3.625557,27817,3.920776,0,31.448011,
DATA,1/28/2016 12:52:46 PM,35955,7.886304,47524,3.625863,27863,4.015143,0,32.438255,
DATA,1/28/2016 12:54:16 PM,35952,7.890107,47522,3.625710,27814,3.914621,0,31.383428,
DATA,1/28/2016 12:55:46 PM,35952,7.890107,47524,3.625863,27732,3.746405,0,29.618054,
DATA,1/28/2016 12:57:16 PM,35950,7.892642,47524,3.625863,27795,3.875644,0,30.974396,
DATA,1/28/2016 12:58:46 PM,35949,7.893909,47524,3.625863,27861,4.011040,0,32.395202,
DATA,1/28/2016 1:00:16 PM,35944,7.900247,47520,3.625557,27934,4.160798,0,33.966575,
DATA,1/28/2016 1:01:46 PM,35938,7.907852,47520,3.625557,27860,4.008988,0,32.373676,
DATA,1/28/2016 1:03:16 PM,35925,7.924330,47520,3.625557,27744,3.771022,0,29.876414,
DATA,1/28/2016 1:04:46 PM,35895,7.962357,47520,3.625557,27122,2.495151,0,16.472909,
DATA,1/28/2016 1:06:16 PM,35887,7.972498,47520,3.625557,26960,2.162883,0,12.972724,
DATA,1/28/2016 1:07:46 PM,35847,8.023203,47520,3.625557,26461,1.139501,0,1.881661,
BURSTSTART,1/28/2016 2:31:46 PM,35976,7.859687,47544,3.627389,26888,2.015213,0,11.413861,
DATA,1/28/2016 2:33:16 PM,36047,7.769700,47542,3.627236,27657,3.592552,0,28.003185,
DATA,1/28/2016 2:34:46 PM,36043,7.774769,47540,3.627083,27659,3.596655,0,28.046251,
DATA,1/28/2016 2:36:16 PM,36036,7.783641,47544,3.627389,27805,3.896159,0,31.189677,
DATA,1/28/2016 2:37:46 PM,36028,7.793780,47544,3.627389,27809,3.904364,0,31.275789,
DATA,1/28/2016 2:39:16 PM,36027,7.795048,47540,3.627083,27762,3.807947,0,30.263946,
DATA,1/28/2016 2:40:46 PM,36024,7.798850,47536,3.626778,27752,3.787433,0,30.048652,
DATA,1/28/2016 2:42:16 PM,36019,7.805187,47540,3.627083,27813,3.912570,0,31.361900,
DATA,1/28/2016 2:43:46 PM,36018,7.806454,47540,3.627083,27788,3.861284,0,30.823697,
DATA,1/28/2016 2:45:16 PM,36012,7.814059,47540,3.627083,27672,3.623323,0,28.326175,
DATA,1/28/2016 2:46:46 PM,36011,7.815326,47544,3.627389,27614,3.504344,0,27.077227,
DATA,1/28/2016 2:48:16 PM,36017,7.807722,47542,3.627236,27428,3.122805,0,23.070824,
DATA,1/28/2016 2:49:46 PM,35983,7.850815,47540,3.627083,27376,3.016142,0,21.950343,
DATA,1/28/2016 2:51:16 PM,35976,7.859687,47540,3.627083,27037,2.320811,0,14.637370,
DATA,1/28/2016 2:52:46 PM,35967,7.871094,47536,3.626778,27078,2.404904,0,15.522973,
DATA,1/28/2016 2:54:16 PM,35960,7.879967,47542,3.627236,27153,2.558735,0,17.141935,
DATA,1/28/2016 2:55:46 PM,35968,7.869827,47541,3.627160,27397,3.059217,0,22.402872,
DATA,1/28/2016 2:57:16 PM,35987,7.845745,47540,3.627083,27581,3.436651,0,26.366552,
DATA,1/28/2016 2:58:46 PM,35980,7.854617,47544,3.627389,27482,3.233573,0,24.234187,
DATA,1/28/2016 3:00:16 PM,35981,7.853350,47540,3.627083,27531,3.334085,0,25.289668,
DATA,1/28/2016 3:01:46 PM,35975,7.860954,47546,3.627541,27573,3.420240,0,26.194259,
DATA,1/28/2016 3:03:16 PM,35970,7.867292,47541,3.627160,27501,3.272547,0,24.643472,
DATA,1/28/2016 3:04:46 PM,35968,7.869827,47542,3.627236,27518,3.307419,0,25.009656,
DATA,1/28/2016 3:06:16 PM,35960,7.879967,47544,3.627389,27565,3.403830,0,26.021963,
DATA,1/28/2016 3:07:46 PM,35953,7.888839,47538,3.626931,27775,3.834616,0,30.543824,
DATA,1/28/2016 3:09:16 PM,35947,7.896444,47536,3.626778,27967,4.228497,0,34.676883,
DATA,1/28/2016 3:10:46 PM,35946,7.897712,47540,3.627083,27938,4.169004,0,34.052674,
DATA,1/28/2016 3:12:16 PM,35939,7.906584,47536,3.626778,27813,3.912570,0,31.361900,
DATA,1/28/2016 3:13:46 PM,35935,7.911655,47538,3.626931,27686,3.652042,0,28.627625,
DATA,1/28/2016 3:15:16 PM,35927,7.921795,47540,3.627083,27895,4.080790,0,33.127090,
DATA,1/28/2016 3:16:46 PM,35933,7.914190,47544,3.627389,27537,3.346393,0,25.418901,
DATA,1/28/2016 3:18:16 PM,35921,7.929400,47540,3.627083,27516,3.303316,0,24.966577,
DATA,1/28/2016 3:19:46 PM,35921,7.929400,47536,3.626778,27340,2.942298,0,21.174490,
DATA,1/28/2016 3:21:16 PM,35926,7.923062,47542,3.627236,27280,2.819228,0,19.881113,
DATA,1/28/2016 3:22:46 PM,35930,7.917992,47537,3.626854,27372,3.007937,0,21.864143,
DATA,1/28/2016 3:24:16 PM,35927,7.921795,47544,3.627389,27598,3.471523,0,26.732663,
DATA,1/28/2016 3:25:46 PM,35921,7.929400,47540,3.627083,27754,3.791536,0,30.091711,
DATA,1/28/2016 3:27:16 PM,35908,7.945878,47538,3.626931,27834,3.955650,0,31.813977,
DATA,1/28/2016 3:28:46 PM,35895,7.962357,47536,3.626778,27995,4.285940,0,35.279552,
DATA,1/28/2016 3:30:16 PM,35908,7.945878,47536,3.626778,27830,3.947445,0,31.727868,
DATA,1/28/2016 3:31:46 PM,35880,7.981371,47536,3.626778,28233,4.774219,0,40.401728,
DATA,1/28/2016 3:33:16 PM,35906,7.948414,47538,3.626931,28078,4.456219,0,37.065952,
DATA,1/28/2016 3:34:46 PM,35921,7.929400,47538,3.626931,27847,3.982319,0,32.093829,
DATA,1/28/2016 3:36:16 PM,35920,7.930668,47540,3.627083,27888,4.066429,0,32.976409,
DATA,1/28/2016 3:37:46 PM,35924,7.925597,47536,3.626778,27633,3.543320,0,27.486381,
DATA,1/28/2016 3:39:16 PM,35944,7.900247,47536,3.626778,27630,3.537166,0,27.421778,
DATA,1/28/2016 3:40:46 PM,35950,7.892642,47536,3.626778,27767,3.818204,0,30.371592,
DATA,1/28/2016 3:42:16 PM,35961,7.878699,47538,3.626931,27685,3.649990,0,28.606094,
DATA,1/28/2016 3:43:46 PM,35982,7.852082,47536,3.626778,27599,3.473574,0,26.754199,
DATA,1/28/2016 3:45:16 PM,35993,7.838140,47538,3.626931,27441,3.149471,0,23.350912,
DATA,1/28/2016 3:46:46 PM,36007,7.820396,47536,3.626778,27285,2.829484,0,19.988909,
DATA,1/28/2016 3:48:16 PM,36023,7.800117,47536,3.626778,27346,2.954605,0,21.303807,
DATA,1/28/2016 3:49:46 PM,36018,7.806454,47536,3.626778,27734,3.750508,0,29.661114,
DATA,1/28/2016 3:51:16 PM,36025,7.797583,47536,3.626778,27608,3.492036,0,26.948017,
DATA,1/28/2016 3:52:46 PM,36045,7.772235,47536,3.626778,27579,3.432548,0,26.323479,
DATA,1/28/2016 3:54:16 PM,36045,7.772235,47536,3.626778,27487,3.243829,0,24.341896,
DATA,1/28/2016 3:55:46 PM,36044,7.773502,47536,3.626778,27492,3.254085,0,24.449603,
DATA,1/28/2016 3:57:16 PM,36051,7.764630,47532,3.626473,27378,3.020244,0,21.993443,
DATA,1/28/2016 3:58:46 PM,36048,7.768433,47536,3.626778,27251,2.759744,0,19.255833,
DATA,1/28/2016 4:00:16 PM,36050,7.765898,47536,3.626778,27388,3.040756,0,22.208935,
DATA,1/28/2016 4:01:46 PM,36052,7.763363,47536,3.626778,27438,3.143318,0,23.286277,
DATA,1/28/2016 4:03:16 PM,36049,7.767165,47538,3.626931,27474,3.217163,0,24.061849,
DATA,1/28/2016 4:04:46 PM,36054,7.760828,47536,3.626778,27486,3.241778,0,24.320354,
DATA,1/28/2016 4:06:16 PM,36059,7.754491,47536,3.626778,27587,3.448958,0,26.495769,
DATA,1/28/2016 4:07:46 PM,36064,7.748155,47532,3.626473,27622,3.520755,0,27.249504,
DATA,1/28/2016 4:09:16 PM,36065,7.746887,47532,3.626473,27583,3.440753,0,26.409624,
DATA,1/28/2016 4:10:46 PM,36051,7.764630,47528,3.626168,27409,3.083832,0,22.661443,
DATA,1/28/2016 4:12:16 PM,36056,7.758294,47532,3.626473,27447,3.161779,0,23.480179,
DATA,1/28/2016 4:13:46 PM,36081,7.726610,47532,3.626473,27799,3.883850,0,31.060509,
DATA,1/28/2016 4:15:16 PM,36081,7.726610,47532,3.626473,27911,4.113613,0,33.471498,
DATA,1/28/2016 4:16:46 PM,36135,7.658175,47528,3.626168,27588,3.451010,0,26.517305,
DATA,1/28/2016 4:18:16 PM,36141,7.650571,47532,3.626473,27632,3.541268,0,27.464847,
DATA,1/28/2016 4:19:46 PM,36182,7.598614,47530,3.626320,27549,3.371009,0,25.677362,
DATA,1/28/2016 4:21:16 PM,36201,7.574537,47532,3.626473,27417,3.100242,0,22.833817,
DATA,1/28/2016 4:22:46 PM,36195,7.582140,47528,3.626168,27119,2.488998,0,16.408155,
DATA,1/28/2016 4:24:16 PM,36208,7.565666,47532,3.626473,27091,2.431568,0,15.803683,
DATA,1/28/2016 4:25:46 PM,36198,7.578338,47528,3.626168,27110,2.470538,0,16.213879,
DATA,1/28/2016 4:27:16 PM,36201,7.574537,47532,3.626473,27155,2.562837,0,17.185091,
DATA,1/28/2016 4:28:46 PM,36218,7.552994,47526,3.626015,27339,2.940247,0,21.152937,
DATA,1/28/2016 4:30:16 PM,36229,7.539055,47528,3.626168,27579,3.432548,0,26.323479,
DATA,1/28/2016 4:31:46 PM,36230,7.537787,47528,3.626168,27871,4.031554,0,32.610466,
DATA,1/28/2016 4:33:16 PM,36227,7.541589,47528,3.626168,27888,4.066429,0,32.976409,
DATA,1/28/2016 4:34:46 PM,36235,7.531451,47528,3.626168,27959,4.212085,0,34.504689,
DATA,1/28/2016 4:36:16 PM,36232,7.535253,47524,3.625863,27879,4.047966,0,32.782676,
DATA,1/28/2016 4:37:46 PM,36228,7.540322,47528,3.626168,27881,4.052069,0,32.825728,
DATA,1/28/2016 4:39:16 PM,36223,7.546658,47528,3.626168,27866,4.021297,0,32.502835,
DATA,1/28/2016 4:40:46 PM,36222,7.547925,47524,3.625863,27861,4.011040,0,32.395202,
DATA,1/28/2016 4:42:16 PM,36219,7.551727,47524,3.625863,27829,3.945393,0,31.706341,
DATA,1/28/2016 4:43:46 PM,36212,7.560597,47526,3.626015,27912,4.115665,0,33.493023,
DATA,1/28/2016 4:45:16 PM,36208,7.565666,47520,3.625557,27767,3.818204,0,30.371592,
DATA,1/28/2016 4:46:46 PM,36213,7.559330,47524,3.625863,27515,3.301265,0,24.945037,
DATA,1/28/2016 4:48:16 PM,36213,7.559330,47524,3.625863,27516,3.303316,0,24.966577,
DATA,1/28/2016 4:49:46 PM,36198,7.578338,47524,3.625863,27731,3.744354,0,29.596523,
DATA,1/28/2016 4:51:16 PM,36197,7.579605,47526,3.626015,27840,3.967959,0,31.943140,
DATA,1/28/2016 4:52:46 PM,36200,7.575804,47522,3.625710,27890,4.070532,0,33.019461,
DATA,1/28/2016 4:54:16 PM,36207,7.566933,47520,3.625557,27928,4.148489,0,33.837425,
DATA,1/28/2016 4:55:46 PM,36196,7.580873,47520,3.625557,27932,4.156695,0,33.923525,
DATA,1/28/2016 4:57:16 PM,36203,7.572002,47520,3.625557,27815,3.916673,0,31.404956,
DATA,1/28/2016 4:58:46 PM,36201,7.574537,47522,3.625710,27523,3.317675,0,25.117354,
DATA,1/28/2016 5:00:16 PM,36191,7.587209,47521,3.625634,27414,3.094088,0,22.769177,
DATA,1/28/2016 5:01:46 PM,36171,7.612554,47524,3.625863,27385,3.034602,0,22.144289,
DATA,1/28/2016 5:03:16 PM,36192,7.585942,47520,3.625557,27507,3.284855,0,24.772716,
DATA,1/28/2016 5:04:46 PM,36198,7.578338,47524,3.625863,27667,3.613066,0,28.218513,
DATA,1/28/2016 5:06:16 PM,36189,7.589743,47524,3.625863,27528,3.327932,0,25.225051,
DATA,1/28/2016 5:07:46 PM,36192,7.585942,47524,3.625863,27613,3.502293,0,27.055692,
DATA,1/28/2016 5:09:16 PM,36184,7.596079,47524,3.625863,27703,3.686915,0,28.993662,
DATA,1/28/2016 5:10:46 PM,36172,7.611286,47522,3.625710,27657,3.592552,0,28.003185,
DATA,1/28/2016 5:12:16 PM,36170,7.613821,47520,3.625557,27600,3.475626,0,26.775734,
DATA,1/28/2016 5:13:46 PM,36170,7.613821,47520,3.625557,27456,3.180240,0,23.674074,
DATA,1/28/2016 5:15:16 PM,36162,7.623959,47520,3.625557,27630,3.537166,0,27.421778,
DATA,1/28/2016 5:16:46 PM,36155,7.632830,47522,3.625710,27749,3.781279,0,29.984063,
DATA,1/28/2016 5:18:16 PM,36139,7.653106,47524,3.625863,27288,2.835637,0,20.053586,
DATA,1/28/2016 5:19:46 PM,36118,7.679719,47520,3.625557,27106,2.462334,0,16.127529,
DATA,1/28/2016 5:21:16 PM,36134,7.659442,47524,3.625863,27218,2.692057,0,18.544173,
DATA,1/28/2016 5:22:46 PM,36115,7.683521,47520,3.625557,27358,2.979220,0,21.562431,
DATA,1/28/2016 5:24:16 PM,36115,7.683521,47520,3.625557,27311,2.882814,0,20.549406,
DATA,1/28/2016 5:25:46 PM,36111,7.688590,47520,3.625557,27097,2.443874,0,15.933228,
DATA,1/28/2016 5:27:16 PM,36097,7.706332,47520,3.625557,27123,2.497202,0,16.494494,
DATA,1/28/2016 5:28:46 PM,36096,7.707600,47520,3.625557,27221,2.698210,0,18.608876,
DATA,1/28/2016 5:30:16 PM,36113,7.686055,47520,3.625557,27328,2.917684,0,20.915845,
DATA,1/28/2016 5:31:46 PM,36095,7.708867,47520,3.625557,27408,3.081781,0,22.639896,
DATA,1/28/2016 5:33:16 PM,36111,7.688590,47522,3.625710,27530,3.332034,0,25.268129,
DATA,1/28/2016 5:34:46 PM,36107,7.693659,47520,3.625557,27561,3.395624,0,25.935814,
DATA,1/28/2016 5:36:16 PM,36102,7.699996,47522,3.625710,27737,3.756662,0,29.725705,
DATA,1/28/2016 5:37:46 PM,36100,7.702531,47520,3.625557,27710,3.701275,0,29.144380,
DATA,1/28/2016 5:39:16 PM,36086,7.720273,47520,3.625557,27454,3.176138,0,23.630987,
DATA,1/28/2016 5:40:46 PM,36099,7.703798,47520,3.625557,27283,2.825381,0,19.945791,
DATA,1/28/2016 5:42:16 PM,36085,7.721540,47520,3.625557,27259,2.776153,0,19.428334,
DATA,1/28/2016 5:43:46 PM,36088,7.717738,47520,3.625557,27398,3.061268,0,22.424420,
DATA,1/28/2016 5:45:16 PM,36064,7.748155,47520,3.625557,27426,3.118703,0,23.027733,
DATA,1/28/2016 5:46:46 PM,36085,7.721540,47516,3.625252,27454,3.176138,0,23.630987,
DATA,1/28/2016 5:48:16 PM,36084,7.722808,47520,3.625557,27511,3.293060,0,24.858877,
DATA,1/28/2016 5:49:46 PM,36071,7.739283,47516,3.625252,27329,2.919735,0,20.937399,
DATA,1/28/2016 5:51:16 PM,36067,7.744353,47520,3.625557,27146,2.544377,0,16.990881,
DATA,1/28/2016 5:52:46 PM,36051,7.764630,47520,3.625557,26839,1.914716,0,10.351170,
DATA,1/28/2016 5:54:16 PM,36426,7.289427,47520,3.625557,26395,1.004154,0,-0.195434,
BURSTSTART,1/29/2016 8:13:46 AM,36415,7.303365,47432,3.618843,27141,2.534121,0,16.882980,
DATA,1/29/2016 8:15:16 AM,36404,7.317304,47440,3.619454,27446,3.159728,0,23.458634,
DATA,1/29/2016 8:16:46 AM,36397,7.326173,47444,3.619759,27318,2.897172,0,20.700296,
DATA,1/29/2016 8:18:16 AM,36384,7.342646,47456,3.620675,27459,3.186394,0,23.738705,
DATA,1/29/2016 8:19:46 AM,36371,7.359118,47456,3.620675,27729,3.740251,0,29.553463,
DATA,1/29/2016 8:21:16 AM,36368,7.362920,47456,3.620675,27569,3.412035,0,26.108112,
DATA,1/29/2016 8:22:46 AM,36358,7.375591,47457,3.620751,27531,3.334085,0,25.289668,
DATA,1/29/2016 8:24:16 AM,36353,7.381927,47462,3.621132,27678,3.635631,0,28.455369,
DATA,1/29/2016 8:25:46 AM,36343,7.394598,47464,3.621285,27583,3.440753,0,26.409624,
DATA,1/29/2016 8:27:16 AM,36341,7.397132,47468,3.621590,27463,3.194599,0,23.824878,
DATA,1/29/2016 8:28:46 AM,36334,7.406002,47472,3.621895,27399,3.063320,0,22.445968,
DATA,1/29/2016 8:30:16 AM,36326,7.416139,47472,3.621895,27179,2.612063,0,17.702914,
DATA,1/29/2016 8:31:46 AM,36313,7.432612,47476,3.622200,27417,3.100242,0,22.833817,
DATA,1/29/2016 8:33:16 AM,36309,7.437681,47474,3.622048,27737,3.756662,0,29.725705,
DATA,1/29/2016 8:34:46 AM,36301,7.447818,47476,3.622200,27825,3.937187,0,31.620232,
DATA,1/29/2016 8:36:16 AM,36297,7.452887,47478,3.622353,27758,3.799742,0,30.177829,
DATA,1/29/2016 8:37:46 AM,36286,7.466825,47481,3.622582,27529,3.329983,0,25.246590,
DATA,1/29/2016 8:39:16 AM,36285,7.468093,47488,3.623116,27628,3.533063,0,27.378710,
DATA,1/29/2016 8:40:46 AM,36283,7.470627,47488,3.623116,27635,3.547422,0,27.529449,
DATA,1/29/2016 8:42:16 AM,36277,7.478230,47488,3.623116,27425,3.116651,0,23.006187,
DATA,1/29/2016 8:43:46 AM,36267,7.490902,47488,3.623116,27222,2.700261,0,18.630443,
DATA,1/29/2016 8:45:16 AM,36269,7.488367,47492,3.623421,27223,2.702312,0,18.652010,
DATA,1/29/2016 8:46:46 AM,36262,7.497237,47488,3.623116,27298,2.856149,0,20.269167,
DATA,1/29/2016 8:48:16 AM,36256,7.504840,47496,3.623726,27483,3.235624,0,24.255729,
DATA,1/29/2016 8:49:46 AM,36253,7.508642,47488,3.623116,27587,3.448958,0,26.495769,
DATA,1/29/2016 8:51:16 AM,36245,7.518780,47488,3.623116,27458,3.184343,0,23.717162,
DATA,1/29/2016 8:52:46 AM,36245,7.518780,47492,3.623421,27417,3.100242,0,22.833817,
DATA,1/29/2016 8:54:16 AM,36243,7.521314,47494,3.623574,27504,3.278701,0,24.708094,
DATA,1/29/2016 8:55:46 AM,36238,7.527650,47496,3.623726,27495,3.260239,0,24.514227,
DATA,1/29/2016 8:57:16 AM,36238,7.527650,47496,3.623726,27511,3.293060,0,24.858877,
DATA,1/29/2016 8:58:46 AM,36229,7.539055,47496,3.623726,27389,3.042807,0,22.230484,
DATA,1/29/2016 9:00:16 AM,36230,7.537787,47496,3.623726,27425,3.116651,0,23.006187,
DATA,1/29/2016 9:01:46 AM,36219,7.551727,47496,3.623726,27521,3.313572,0,25.074275,
DATA,1/29/2016 9:03:16 AM,36213,7.559330,47496,3.623726,27654,3.586398,0,27.938586,
DATA,1/29/2016 9:04:46 AM,36201,7.574537,47500,3.624032,27624,3.524858,0,27.292573,
DATA,1/29/2016 9:06:16 AM,36201,7.574537,47500,3.624032,27697,3.674607,0,28.864474,
DATA,1/29/2016 9:07:46 AM,36196,7.580873,47500,3.624032,27643,3.563833,0,27.701719,
DATA,1/29/2016 9:09:16 AM,36195,7.582140,47504,3.624337,27475,3.219214,0,24.083392,
DATA,1/29/2016 9:10:46 AM,36187,7.592278,47500,3.624032,27415,3.096139,0,22.790724,
DATA,1/29/2016 9:12:16 AM,36179,7.602416,47500,3.624032,27386,3.036654,0,22.165838,
DATA,1/29/2016 9:13:46 AM,36175,7.607485,47504,3.624337,27488,3.245880,0,24.363437,
DATA,1/29/2016 9:15:16 AM,36170,7.613821,47504,3.624337,27508,3.286906,0,24.794256,
DATA,1/29/2016 9:16:46 AM,36160,7.626493,47500,3.624032,27383,3.030500,0,22.101190,
DATA,1/29/2016 9:18:16 AM,36160,7.626493,47500,3.624032,27390,3.044859,0,22.252033,
DATA,1/29/2016 9:19:46 AM,36150,7.639166,47504,3.624337,27585,3.444856,0,26.452697,
DATA,1/29/2016 9:21:16 AM,36152,7.636631,47504,3.624337,27806,3.898210,0,31.211205,
DATA,1/29/2016 9:22:46 AM,36145,7.645502,47504,3.624337,27825,3.937187,0,31.620232,
DATA,1/29/2016 9:24:16 AM,36137,7.655640,47504,3.624337,27788,3.861284,0,30.823697,
DATA,1/29/2016 9:25:46 AM,36134,7.659442,47504,3.624337,27540,3.352547,0,25.483517,
DATA,1/29/2016 9:27:16 AM,36136,7.656908,47504,3.624337,27420,3.106395,0,22.898456,
DATA,1/29/2016 9:28:46 AM,36133,7.660710,47504,3.624337,27339,2.940247,0,21.152937,
DATA,1/29/2016 9:30:16 AM,36126,7.669581,47508,3.624642,27311,2.882814,0,20.549406,
DATA,1/29/2016 9:31:46 AM,36120,7.677184,47504,3.624337,27430,3.126908,0,23.113915,
DATA,1/29/2016 9:33:16 AM,36118,7.679719,47504,3.624337,27633,3.543320,0,27.486381,
DATA,1/29/2016 9:34:46 AM,36112,7.687323,47504,3.624337,27777,3.838719,0,30.586882,
DATA,1/29/2016 9:36:16 AM,36105,7.696194,47504,3.624337,27413,3.092037,0,22.747631,
DATA,1/29/2016 9:37:46 AM,36100,7.702531,47504,3.624337,27420,3.106395,0,22.898456,
DATA,1/29/2016 9:39:16 AM,36088,7.717738,47504,3.624337,27697,3.674607,0,28.864474,
DATA,1/29/2016 9:40:46 AM,36083,7.724075,47504,3.624337,27848,3.984371,0,32.115356,
DATA,1/29/2016 9:42:16 AM,36076,7.732946,47506,3.624489,27773,3.830513,0,30.500767,
DATA,1/29/2016 9:43:46 AM,36065,7.746887,47508,3.624642,27808,3.902313,0,31.254261,
DATA,1/29/2016 9:45:16 AM,36064,7.748155,47504,3.624337,27783,3.851027,0,30.716054,
DATA,1/29/2016 9:46:46 AM,36054,7.760828,47508,3.624642,27960,4.214137,0,34.526213,
DATA,1/29/2016 9:48:16 AM,36055,7.759561,47506,3.624489,27975,4.244910,0,34.849075,
DATA,1/29/2016 9:49:46 AM,36045,7.772235,47506,3.624489,27762,3.807947,0,30.263946,
DATA,1/29/2016 9:51:16 AM,36040,7.778572,47504,3.624337,27505,3.280752,0,24.729635,
DATA,1/29/2016 9:52:46 AM,36032,7.788711,47504,3.624337,27717,3.715634,0,29.295096,
DATA,1/29/2016 9:54:16 AM,36024,7.798850,47506,3.624489,27961,4.216188,0,34.547737,
DATA,1/29/2016 9:55:46 AM,36019,7.805187,47504,3.624337,27802,3.890004,0,31.125093,
DATA,1/29/2016 9:57:16 AM,36030,7.791246,47510,3.624794,27580,3.434599,0,26.345015,
DATA,1/29/2016 9:58:46 AM,36017,7.807722,47505,3.624413,27514,3.299214,0,24.923497,
DATA,1/29/2016 10:00:16 AM,36008,7.819129,47504,3.624337,27467,3.202804,0,23.911051,
DATA,1/29/2016 10:01:46 AM,36020,7.803920,47508,3.624642,27569,3.412035,0,26.108112,
DATA,1/29/2016 10:03:16 AM,36019,7.805187,47505,3.624413,27455,3.178189,0,23.652531,
DATA,1/29/2016 10:04:46 AM,36015,7.810257,47504,3.624337,27718,3.717686,0,29.316627,
DATA,1/29/2016 10:06:16 AM,36015,7.810257,47508,3.624642,27714,3.709480,0,29.230504,
DATA,1/29/2016 10:07:46 AM,36024,7.798850,47512,3.624947,27994,4.283889,0,35.258028,
DATA,1/29/2016 10:09:16 AM,36032,7.788711,47508,3.624642,27856,4.000782,0,32.287570,
DATA,1/29/2016 10:10:46 AM,36038,7.781106,47504,3.624337,27801,3.887953,0,31.103565,
DATA,1/29/2016 10:12:16 AM,36039,7.779839,47508,3.624642,27846,3.980268,0,32.072302,
DATA,1/29/2016 10:13:46 AM,36044,7.773502,47508,3.624642,27832,3.951547,0,31.770923,
DATA,1/29/2016 10:15:16 AM,36049,7.767165,47508,3.624642,27612,3.500242,0,27.034157,
DATA,1/29/2016 10:16:46 AM,36052,7.763363,47508,3.624642,27924,4.140283,0,33.751325,
DATA,1/29/2016 10:18:16 AM,36055,7.759561,47508,3.624642,27889,4.068481,0,32.997935,
DATA,1/29/2016 10:19:46 AM,36059,7.754491,47508,3.624642,27565,3.403830,0,26.021963,
DATA,1/29/2016 10:21:16 AM,36064,7.748155,47508,3.624642,27434,3.135113,0,23.200097,
DATA,1/29/2016 10:22:46 AM,36072,7.738016,47508,3.624642,27359,2.981271,0,21.583983,
DATA,1/29/2016 10:24:16 AM,36077,7.731679,47510,3.624794,27558,3.389470,0,25.871202,
DATA,1/29/2016 10:25:46 AM,36080,7.727877,47508,3.624642,27516,3.303316,0,24.966577,
DATA,1/29/2016 10:27:16 AM,36090,7.715204,47508,3.624642,27520,3.311521,0,25.052736,
DATA,1/29/2016 10:28:46 AM,36094,7.710134,47512,3.624947,27638,3.553576,0,27.594050,
DATA,1/29/2016 10:30:16 AM,36096,7.707600,47508,3.624642,27609,3.494088,0,26.969552,
DATA,1/29/2016 10:31:46 AM,36102,7.699996,47506,3.624489,27563,3.399727,0,25.978889,
DATA,1/29/2016 10:33:16 AM,36105,7.696194,47508,3.624642,27567,3.407932,0,26.065037,
DATA,1/29/2016 10:34:46 AM,36110,7.689857,47508,3.624642,27643,3.563833,0,27.701719,
DATA,1/29/2016 10:36:16 AM,36115,7.683521,47508,3.624642,27654,3.586398,0,27.938586,
DATA,1/29/2016 10:37:46 AM,36120,7.677184,47505,3.624413,27705,3.691018,0,29.036725,
DATA,1/29/2016 10:39:16 AM,36117,7.680986,47504,3.624337,27660,3.598706,0,28.067784,
DATA,1/29/2016 10:40:46 AM,36121,7.675917,47508,3.624642,27607,3.489985,0,26.926482,
DATA,1/29/2016 10:42:16 AM,36127,7.668313,47508,3.624642,27628,3.533063,0,27.378710,
DATA,1/29/2016 10:43:46 AM,36130,7.664511,47504,3.624337,27491,3.252034,0,24.428062,
DATA,1/29/2016 10:45:16 AM,36130,7.664511,47506,3.624489,27428,3.122805,0,23.070824,
DATA,1/29/2016 10:46:46 AM,36132,7.661977,47508,3.624642,27609,3.494088,0,26.969552,
DATA,1/29/2016 10:48:16 AM,36136,7.656908,47505,3.624413,27355,2.973066,0,21.497777,
DATA,1/29/2016 10:49:46 AM,36139,7.653106,47508,3.624642,27491,3.252034,0,24.428062,
DATA,1/29/2016 10:51:16 AM,36139,7.653106,47506,3.624489,27597,3.469472,0,26.711128,
DATA,1/29/2016 10:52:46 AM,36144,7.646770,47504,3.624337,27819,3.924879,0,31.491066,
DATA,1/29/2016 10:54:16 AM,36140,7.651839,47504,3.624337,27954,4.201828,0,34.397067,
DATA,1/29/2016 10:55:46 AM,36138,7.654373,47506,3.624489,27815,3.916673,0,31.404956,
DATA,1/29/2016 10:57:16 AM,36139,7.653106,47510,3.624794,27960,4.214137,0,34.526213,
DATA,1/29/2016 10:58:46 AM,36148,7.641700,47508,3.624642,27782,3.848976,0,30.694526,
DATA,1/29/2016 11:00:16 AM,36151,7.637899,47508,3.624642,27712,3.705378,0,29.187442,
DATA,1/29/2016 11:01:46 AM,36155,7.632830,47508,3.624642,27697,3.674607,0,28.864474,
DATA,1/29/2016 11:03:16 AM,36156,7.631562,47504,3.624337,27671,3.621271,0,28.304643,
DATA,1/29/2016 11:04:46 AM,36159,7.627761,47508,3.624642,27873,4.035657,0,32.653519,
DATA,1/29/2016 11:06:16 AM,36163,7.622692,47504,3.624337,27747,3.777176,0,29.941004,
DATA,1/29/2016 11:07:46 AM,36155,7.632830,47506,3.624489,27751,3.785382,0,30.027122,
DATA,1/29/2016 11:09:16 AM,36153,7.635364,47500,3.624032,27644,3.565885,0,27.723252,
DATA,1/29/2016 11:10:46 AM,36154,7.634097,47504,3.624337,27577,3.428445,0,26.280406,
DATA,1/29/2016 11:12:16 AM,36150,7.639166,47506,3.624489,27857,4.002834,0,32.309096,
DATA,1/29/2016 11:13:46 AM,36142,7.649304,47504,3.624337,27780,3.844873,0,30.651468,
DATA,1/29/2016 11:15:16 AM,36137,7.655640,47505,3.624413,27754,3.791536,0,30.091711,
DATA,1/29/2016 11:16:46 AM,36141,7.650571,47504,3.624337,27696,3.672555,0,28.842942,
DATA,1/29/2016 11:18:16 AM,36139,7.653106,47506,3.624489,27621,3.518704,0,27.227969,
DATA,1/29/2016 11:19:46 AM,36141,7.650571,47504,3.624337,27554,3.381265,0,25.785051,
DATA,1/29/2016 11:21:16 AM,36138,7.654373,47504,3.624337,27506,3.282803,0,24.751175,
DATA,1/29/2016 11:22:46 AM,36136,7.656908,47504,3.624337,27461,3.190496,0,23.781792,
DATA,1/29/2016 11:24:16 AM,36135,7.658175,47504,3.624337,27463,3.194599,0,23.824878,
DATA,1/29/2016 11:25:46 AM,36130,7.664511,47506,3.624489,27287,2.833586,0,20.032027,
DATA,1/29/2016 11:27:16 AM,36121,7.675917,47500,3.624032,26927,2.095200,0,12.258575,
DATA,1/29/2016 11:28:46 AM,36120,7.677184,47504,3.624337,26729,1.689117,0,7.956976,
DATA,1/29/2016 11:30:16 AM,36278,7.476963,47508,3.624642,26390,0.993900,0,-0.442792,
BURSTSTART,1/29/2016 12:52:46 PM,36211,7.561864,47508,3.624642,26902,2.043926,0,11.717191,
DATA,1/29/2016 12:54:16 PM,36196,7.580873,47508,3.624642,27873,4.035657,0,32.653519,
DATA,1/29/2016 12:55:46 PM,36181,7.599881,47508,3.624642,27883,4.056172,0,32.868780,
DATA,1/29/2016 12:57:16 PM,36169,7.615088,47520,3.625557,27668,3.615117,0,28.240045,
DATA,1/29/2016 12:58:46 PM,36163,7.622692,47514,3.625100,27802,3.890004,0,31.125093,
DATA,1/29/2016 1:00:16 PM,36158,7.629028,47520,3.625557,27833,3.953599,0,31.792450,
DATA,1/29/2016 1:01:46 PM,36152,7.636631,47520,3.625557,27748,3.779228,0,29.962533,
DATA,1/29/2016 1:03:16 PM,36148,7.641700,47524,3.625863,27726,3.734097,0,29.488872,
DATA,1/29/2016 1:04:46 PM,36145,7.645502,47528,3.626168,27804,3.894107,0,31.168149,
DATA,1/29/2016 1:06:16 PM,36144,7.646770,47528,3.626168,27721,3.723840,0,29.381219,
DATA,1/29/2016 1:07:46 PM,36142,7.649304,47532,3.626473,28001,4.298249,0,35.408693,
DATA,1/29/2016 1:09:16 PM,36144,7.646770,47532,3.626473,27847,3.982319,0,32.093829,
DATA,1/29/2016 1:10:46 PM,36148,7.641700,47536,3.626778,27819,3.924879,0,31.491066,
DATA,1/29/2016 1:12:16 PM,36158,7.629028,47536,3.626778,27741,3.764868,0,29.811825,
DATA,1/29/2016 1:13:46 PM,36164,7.621424,47536,3.626778,27656,3.590501,0,27.981652,
DATA,1/29/2016 1:15:16 PM,36165,7.620157,47542,3.627236,27669,3.617168,0,28.261578,
DATA,1/29/2016 1:16:46 PM,36169,7.615088,47540,3.627083,27832,3.951547,0,31.770923,
DATA,1/29/2016 1:18:16 PM,36178,7.603683,47542,3.627236,27955,4.203879,0,34.418591,
DATA,1/29/2016 1:19:46 PM,36174,7.608752,47538,3.626931,28015,4.326971,0,35.710020,
DATA,1/29/2016 1:21:16 PM,36191,7.587209,47544,3.627389,27730,3.742303,0,29.574993,
DATA,1/29/2016 1:22:46 PM,36198,7.578338,47544,3.627389,27657,3.592552,0,28.003185,
DATA,1/29/2016 1:24:16 PM,36208,7.565666,47544,3.627389,27529,3.329983,0,25.246590,
DATA,1/29/2016 1:25:46 PM,36213,7.559330,47544,3.627389,27568,3.409983,0,26.086575,
DATA,1/29/2016 1:27:16 PM,36216,7.555528,47544,3.627389,27634,3.545371,0,27.507915,
DATA,1/29/2016 1:28:46 PM,36218,7.552994,47544,3.627389,27581,3.436651,0,26.366552,
DATA,1/29/2016 1:30:16 PM,36225,7.544123,47544,3.627389,27576,3.426394,0,26.258869,
DATA,1/29/2016 1:31:46 PM,36231,7.536520,47544,3.627389,27624,3.524858,0,27.292573,
DATA,1/29/2016 1:33:16 PM,36235,7.531451,47545,3.627465,27693,3.666401,0,28.778348,
DATA,1/29/2016 1:34:46 PM,36244,7.520047,47552,3.627999,27635,3.547422,0,27.529449,
DATA,1/29/2016 1:36:16 PM,36245,7.518780,47544,3.627389,27607,3.489985,0,26.926482,
DATA,1/29/2016 1:37:46 PM,36258,7.502306,47552,3.627999,27744,3.771022,0,29.876414,
DATA,1/29/2016 1:39:16 PM,36257,7.503573,47548,3.627694,27733,3.748457,0,29.639584,
DATA,1/29/2016 1:40:46 PM,36266,7.492169,47544,3.627389,27608,3.492036,0,26.948017,
DATA,1/29/2016 1:42:16 PM,36269,7.488367,47544,3.627389,27631,3.539217,0,27.443313,
DATA,1/29/2016 1:43:46 PM,36281,7.473161,47552,3.627999,27845,3.978216,0,32.050775,
DATA,1/29/2016 1:45:16 PM,36266,7.492169,47544,3.627389,28225,4.757806,0,40.229566,
DATA,1/29/2016 1:46:46 PM,36279,7.475696,47552,3.627999,27862,4.013091,0,32.416729,
DATA,1/29/2016 1:48:16 PM,36280,7.474428,47552,3.627999,27765,3.814102,0,30.328534,
DATA,1/29/2016 1:49:46 PM,36279,7.475696,47546,3.627541,27868,4.025400,0,32.545887,
DATA,1/29/2016 1:51:16 PM,36285,7.468093,47552,3.627999,27941,4.175158,0,34.117248,
DATA,1/29/2016 1:52:46 PM,36286,7.466825,47552,3.627999,27848,3.984371,0,32.115356,
DATA,1/29/2016 1:54:16 PM,36280,7.474428,47552,3.627999,27686,3.652042,0,28.627625,
DATA,1/29/2016 1:55:46 PM,36276,7.479497,47544,3.627389,27709,3.699223,0,29.122849,
DATA,1/29/2016 1:57:16 PM,36278,7.476963,47552,3.627999,27670,3.619220,0,28.283111,
DATA,1/29/2016 1:58:46 PM,36272,7.484566,47552,3.627999,27655,3.588449,0,27.960119,
DATA,1/29/2016 2:00:16 PM,36269,7.488367,47552,3.627999,27773,3.830513,0,30.500767,
DATA,1/29/2016 2:01:46 PM,36267,7.490902,47545,3.627465,27699,3.678710,0,28.907537,
DATA,1/29/2016 2:03:16 PM,36266,7.492169,47544,3.627389,27593,3.461266,0,26.624985,
DATA,1/29/2016 2:04:46 PM,36268,7.489634,47552,3.627999,27603,3.481780,0,26.840341,
DATA,1/29/2016 2:06:16 PM,36263,7.495970,47546,3.627541,27646,3.569987,0,27.766319,
DATA,1/29/2016 2:07:46 PM,36260,7.499772,47546,3.627541,27711,3.703326,0,29.165911,
DATA,1/29/2016 2:09:16 PM,36251,7.511176,47552,3.627999,27828,3.943342,0,31.684814,
DATA,1/29/2016 2:10:46 PM,36249,7.513711,47544,3.627389,27829,3.945393,0,31.706341,
DATA,1/29/2016 2:12:16 PM,36243,7.521314,47544,3.627389,27723,3.727943,0,29.424280,
DATA,1/29/2016 2:13:46 PM,36236,7.530184,47544,3.627389,27577,3.428445,0,26.280406,
DATA,1/29/2016 2:15:16 PM,36236,7.530184,47548,3.627694,27517,3.305367,0,24.988117,
DATA,1/29/2016 2:16:46 PM,36234,7.532719,47544,3.627389,27607,3.489985,0,26.926482,
DATA,1/29/2016 2:18:16 PM,36229,7.539055,47552,3.627999,27595,3.465369,0,26.668056,
DATA,1/29/2016 2:19:46 PM,36229,7.539055,47544,3.627389,27602,3.479728,0,26.818805,
DATA,1/29/2016 2:21:16 PM,36220,7.550459,47546,3.627541,27549,3.371009,0,25.677362,
DATA,1/29/2016 2:22:46 PM,36220,7.550459,47546,3.627541,27578,3.430497,0,26.301942,
DATA,1/29/2016 2:24:16 PM,36210,7.563132,47544,3.627389,27531,3.334085,0,25.289668,
DATA,1/29/2016 2:25:46 PM,36202,7.573269,47544,3.627389,27508,3.286906,0,24.794256,
DATA,1/29/2016 2:27:16 PM,36204,7.570735,47544,3.627389,27594,3.463318,0,26.646521,
DATA,1/29/2016 2:28:46 PM,36198,7.578338,47548,3.627694,27736,3.754611,0,29.704174,
DATA,1/29/2016 2:30:16 PM,36187,7.592278,47548,3.627694,27703,3.686915,0,28.993662,
DATA,1/29/2016 2:31:46 PM,36176,7.606217,47544,3.627389,27643,3.563833,0,27.701719,
DATA,1/29/2016 2:33:16 PM,36176,7.606217,47545,3.627465,27626,3.528960,0,27.335642,
DATA,1/29/2016 2:34:46 PM,36163,7.622692,47544,3.627389,27670,3.619220,0,28.283111,
DATA,1/29/2016 2:36:16 PM,36162,7.623959,47544,3.627389,27440,3.147420,0,23.329367,
DATA,1/29/2016 2:37:46 PM,36164,7.621424,47544,3.627389,27377,3.018193,0,21.971893,
DATA,1/29/2016 2:39:16 PM,36154,7.634097,47544,3.627389,27478,3.225368,0,24.148019,
DATA,1/29/2016 2:40:46 PM,36138,7.654373,47544,3.627389,27890,4.070532,0,33.019461,
DATA,1/29/2016 2:42:16 PM,36134,7.659442,47544,3.627389,27814,3.914621,0,31.383428,
DATA,1/29/2016 2:43:46 PM,36118,7.679719,47552,3.627999,27794,3.873593,0,30.952868,
DATA,1/29/2016 2:45:16 PM,36120,7.677184,47544,3.627389,27834,3.955650,0,31.813977,
DATA,1/29/2016 2:46:46 PM,36105,7.696194,47544,3.627389,27816,3.918724,0,31.426483,
DATA,1/29/2016 2:48:16 PM,36101,7.701263,47544,3.627389,27681,3.641785,0,28.519966,
DATA,1/29/2016 2:49:46 PM,36091,7.713936,47544,3.627389,27788,3.861284,0,30.823697,
DATA,1/29/2016 2:51:16 PM,36093,7.711402,47542,3.627236,27715,3.711532,0,29.252035,
DATA,1/29/2016 2:52:46 PM,36085,7.721540,47548,3.627694,27691,3.662299,0,28.735284,
DATA,1/29/2016 2:54:16 PM,36083,7.724075,47552,3.627999,27792,3.869490,0,30.909811,
DATA,1/29/2016 2:55:46 PM,36077,7.731679,47552,3.627999,27761,3.805896,0,30.242417,
DATA,1/29/2016 2:57:16 PM,36071,7.739283,47546,3.627541,27780,3.844873,0,30.651468,
DATA,1/29/2016 2:58:46 PM,36073,7.736748,47544,3.627389,27696,3.672555,0,28.842942,
DATA,1/29/2016 3:00:16 PM,36069,7.741818,47544,3.627389,27610,3.496139,0,26.991087,
DATA,1/29/2016 3:01:46 PM,36068,7.743085,47548,3.627694,27526,3.323829,0,25.181973,
DATA,1/29/2016 3:03:16 PM,36062,7.750689,47544,3.627389,27625,3.526909,0,27.314107,
DATA,1/29/2016 3:04:46 PM,36062,7.750689,47544,3.627389,27919,4.130025,0,33.643700,
DATA,1/29/2016 3:06:16 PM,36054,7.760828,47544,3.627389,27771,3.826410,0,30.457709,
DATA,1/29/2016 3:07:46 PM,36052,7.763363,47544,3.627389,27751,3.785382,0,30.027122,
DATA,1/29/2016 3:09:16 PM,36048,7.768433,47546,3.627541,27781,3.846924,0,30.672997,
DATA,1/29/2016 3:10:46 PM,36044,7.773502,47544,3.627389,27690,3.660247,0,28.713753,
DATA,1/29/2016 3:12:16 PM,36049,7.767165,47540,3.627083,27710,3.701275,0,29.144380,
DATA,1/29/2016 3:13:46 PM,36047,7.769700,47544,3.627389,27504,3.278701,0,24.708094,
DATA,1/29/2016 3:15:16 PM,36048,7.768433,47544,3.627389,27744,3.771022,0,29.876414,
DATA,1/29/2016 3:16:46 PM,36050,7.765898,47544,3.627389,27831,3.949496,0,31.749396,
DATA,1/29/2016 3:18:16 PM,36049,7.767165,47544,3.627389,27992,4.279786,0,35.214981,
DATA,1/29/2016 3:19:46 PM,36046,7.770967,47552,3.627999,28170,4.644966,0,39.045934,
DATA,1/29/2016 3:21:16 PM,36055,7.759561,47544,3.627389,27881,4.052069,0,32.825728,
DATA,1/29/2016 3:22:46 PM,36060,7.753224,47544,3.627389,27617,3.510498,0,27.141831,
DATA,1/29/2016 3:24:16 PM,36059,7.754491,47544,3.627389,27840,3.967959,0,31.943140,
DATA,1/29/2016 3:25:46 PM,36061,7.751957,47544,3.627389,27895,4.080790,0,33.127090,
DATA,1/29/2016 3:27:16 PM,36061,7.751957,47544,3.627389,27991,4.277734,0,35.193457,
DATA,1/29/2016 3:28:46 PM,36070,7.740551,47544,3.627389,27735,3.752559,0,29.682644,
DATA,1/29/2016 3:30:16 PM,36073,7.736748,47540,3.627083,28036,4.370053,0,36.162005,
DATA,1/29/2016 3:31:46 PM,36080,7.727877,47544,3.627389,27659,3.596655,0,28.046251,
DATA,1/29/2016 3:33:16 PM,36081,7.726610,47544,3.627389,27725,3.732046,0,29.467341,
DATA,1/29/2016 3:34:46 PM,36085,7.721540,47540,3.627083,27563,3.399727,0,25.978889,
DATA,1/29/2016 3:36:16 PM,36092,7.712669,47544,3.627389,27676,3.631528,0,28.412305,
DATA,1/29/2016 3:37:46 PM,36093,7.711402,47548,3.627694,27614,3.504344,0,27.077227,
DATA,1/29/2016 3:39:16 PM,36104,7.697461,47540,3.627083,27743,3.768971,0,29.854884,
DATA,1/29/2016 3:40:46 PM,36099,7.703798,47542,3.627236,27623,3.522806,0,27.271038,
DATA,1/29/2016 3:42:16 PM,36108,7.692392,47540,3.627083,27641,3.559731,0,27.658651,
DATA,1/29/2016 3:43:46 PM,36112,7.687323,47540,3.627083,27692,3.664350,0,28.756816,
DATA,1/29/2016 3:45:16 PM,36111,7.688590,47544,3.627389,27658,3.594603,0,28.024718,
DATA,1/29/2016 3:46:46 PM,36114,7.684788,47538,3.626931,27600,3.475626,0,26.775734,
DATA,1/29/2016 3:48:16 PM,36125,7.670848,47544,3.627389,27700,3.680761,0,28.929068,
DATA,1/29/2016 3:49:46 PM,36130,7.664511,47544,3.627389,27832,3.951547,0,31.770923,
DATA,1/29/2016 3:51:16 PM,36129,7.665779,47544,3.627389,27803,3.892056,0,31.146621,
DATA,1/29/2016 3:52:46 PM,36132,7.661977,47542,3.627236,28188,4.681895,0,39.433309,
DATA,1/29/2016 3:54:16 PM,36139,7.653106,47542,3.627236,27975,4.244910,0,34.849075,
DATA,1/29/2016 3:55:46 PM,36143,7.648037,47544,3.627389,27630,3.537166,0,27.421778,
DATA,1/29/2016 3:57:16 PM,36143,7.648037,47540,3.627083,28035,4.368002,0,36.140482,
DATA,1/29/2016 3:58:46 PM,36139,7.653106,47546,3.627541,28081,4.462374,0,37.130519,
DATA,1/29/2016 4:00:16 PM,36151,7.637899,47540,3.627083,27949,4.191570,0,34.289445,
DATA,1/29/2016 4:01:46 PM,36145,7.645502,47546,3.627541,27867,4.023348,0,32.524361,
DATA,1/29/2016 4:03:16 PM,36143,7.648037,47544,3.627389,27770,3.824359,0,30.436180,
DATA,1/29/2016 4:04:46 PM,36144,7.646770,47540,3.627083,27818,3.922827,0,31.469539,
DATA,1/29/2016 4:06:16 PM,36140,7.651839,47538,3.626931,27888,4.066429,0,32.976409,
DATA,1/29/2016 4:07:46 PM,36142,7.649304,47540,3.627083,27861,4.011040,0,32.395202,
DATA,1/29/2016 4:09:16 PM,36138,7.654373,47541,3.627160,27743,3.768971,0,29.854884,
DATA,1/29/2016 4:10:46 PM,36135,7.658175,47540,3.627083,27444,3.155625,0,23.415545,
DATA,1/29/2016 4:12:16 PM,36135,7.658175,47540,3.627083,27187,2.628472,0,17.875500,
DATA,1/29/2016 4:13:46 PM,36141,7.650571,47540,3.627083,26632,1.490185,0,5.826927,
DATA,1/29/2016 4:15:16 PM,36886,6.706541,47544,3.627389,26388,0.989799,0,-0.552226,
